{"ts":"2025-08-08T09:24:51.085Z","type":"start","from":"6285183343636@s.whatsapp.net","totalGroups":4,"blacklisted":0,"willSend":4,"totalCycles":2,"waitBetweenCyclesSec":8}
{"ts":"2025-08-08T09:24:51.856Z","type":"sent","cycle":1,"group":"120363419550210062@g.us","ok":true}
{"ts":"2025-08-08T09:24:53.584Z","type":"sent","cycle":1,"group":"120363418576001359@g.us","ok":true}
{"ts":"2025-08-08T09:24:55.646Z","type":"sent","cycle":1,"group":"120363417738602659@g.us","ok":true}
{"ts":"2025-08-08T09:24:57.430Z","type":"sent","cycle":1,"group":"120363365728878961@g.us","ok":true}
{"ts":"2025-08-08T09:24:57.931Z","type":"cycle_wait","cycle":1,"waitSec":8}
{"ts":"2025-08-08T09:25:06.267Z","type":"sent","cycle":2,"group":"120363419550210062@g.us","ok":true}
{"ts":"2025-08-08T09:25:07.080Z","type":"sent","cycle":2,"group":"120363418576001359@g.us","ok":true}
{"ts":"2025-08-08T09:25:07.953Z","type":"sent","cycle":2,"group":"120363417738602659@g.us","ok":true}
{"ts":"2025-08-08T09:25:08.872Z","type":"sent","cycle":2,"group":"120363365728878961@g.us","ok":true}
{"ts":"2025-08-08T09:25:09.374Z","type":"done"}
