{"ts":"2025-08-08T09:26:23.326Z","type":"start","from":"6285183343636@s.whatsapp.net","totalGroups":4,"blacklisted":0,"willSend":4,"totalCycles":1,"waitBetweenCyclesSec":1}
{"ts":"2025-08-08T09:26:23.668Z","type":"sent","cycle":1,"group":"120363419550210062@g.us","ok":true}
{"ts":"2025-08-08T09:26:24.468Z","type":"sent","cycle":1,"group":"120363418576001359@g.us","ok":true}
{"ts":"2025-08-08T09:26:25.345Z","type":"sent","cycle":1,"group":"120363417738602659@g.us","ok":true}
{"ts":"2025-08-08T09:26:26.332Z","type":"sent","cycle":1,"group":"120363365728878961@g.us","ok":true}
{"ts":"2025-08-08T09:26:26.833Z","type":"done"}
